runSegmentationPreprocessing,"Automatically segment anatomical images into white matter, gray matter, and CSF based on prior probability maps.","A list where ‘1’ represents ‘yes’ and ‘0’ represents ‘no’ (e.g., ‘[1]’)."
priors_path,Full path to a directory containing binarized prior probability maps. These maps are included as part of the ‘CPAC Image Resource Files’ package from installation. It is not necessary to change this path unless you intend to use non-standard priors.,"A path (e.g., $FSLDIR/data/standard/tissuepriors/${resolution_for_anat})."
PRIORS_WHITE,Full path to a binarized White Matter prior probability map. It is not necessary to change this path unless you intend to use non-standard priors.,"A path (e.g., $priors_path/avg152T1_white_bin.nii.gz)."
PRIORS_GRAY,Full path to a binarized Gray Matter prior probability map. It is not necessary to change this path unless you intend to use non-standard priors.,"A path (e.g., $priors_path/avg152T1_gray_bin.nii.gz)."
PRIORS_CSF,Full path to a binarized CSF prior probability map. It is not necessary to change this path unless you intend to use non-standard priors.,"A path (e.g., $priors_path/avg152T1_csf_bin.nii.gz)."
